[
    {
        "firstName": "Berny",
        "lastName": "Beahan",
        "title": "Global Response Facilitator",
        "city": "Amsterdam",
        "state": "North Holland",
        "country": "Netherlands",
                "headshot": "1.jpeg",
        "telephone": "+1 (650) 555 1212",
        "latitude": "52.370216",
        "longitude": "4.895168"
    },
    {
        "firstName": "Henderson",
        "lastName": "Auer",
        "title": "Customer Configuration Coordinator",
        "city": "Palo Alto",
        "state": "California",
        "country": "USA",
        "headshot": "2.jpeg",
        "telephone": "+1 (650) 555 1212",
        "latitude": "37.441883",
        "longitude": "-122.143019"
    },
    {
        "firstName": "Hector",
        "lastName": "Will",
        "title": "Dynamic Identity Supervisor",
        "city": "Foster City",
        "state": "California",
        "country": "USA",
        "headshot": "3.jpeg",
        "telephone": "+1 (650) 555 1212",
        "latitude": "37.558547",
        "longitude": "-122.271079"
    },
    {
        "firstName": "Chelsea",
        "lastName": "Grand",
        "title": "Dynamic Response Planner",
        "city": "Redwood City",
        "state": "California",
        "country": "USA",
        "headshot": "4.jpeg",
        "telephone": "+1 (650) 555 1212",
        "latitude": "37.485215",
        "longitude": "-122.236355"
    },
    {
        "firstName": "Onie",
        "lastName": "Feest",
        "title": "International Communications Associate",
        "city": "Palo Alto",
        "state": "California",
        "country": "USA",
        "headshot": "5.jpeg",
        "latitude": "37.441883",
        "longitude": "-122.143019"
    },
    {
        "firstName": "Celia",
        "lastName": "Golf",
        "title": "Direct Brand Strategist",
        "city": "Palo Alto",
        "state": "California",
        "country": "USA",
        "headshot": "6.jpeg",
        "latitude": "37.441883",
        "longitude": "-122.143019"
    },
    {
        "firstName": "Tierra",
        "lastName": "Bell",
        "title": "Future Infrastructure Supervisor",
        "city": "Palo Alto",
        "state": "California",
        "country": "USA",
        "headshot": "7.jpeg",
        "latitude": "37.441883",
        "longitude": "-122.143019"
    }
]
